"BKCLASS","CERT","CRCRCD","CRCRCDQ","DRCRCD","DRCRCDQ","ID","LNCRCD","NACRCD","NAME","NCCRCD","NTCRCD","NTCRCDQ","P3CRCD","P9CRCD","REPDTE"
"N",4091,8,8,5,5,"4091_19840331",1898,0,"CENTRAL NB&T CO OF ENID",1,-3,-3,,1,"19840331"
"N",4091,12,4,11,6,"4091_19840630",1862,0,"CENTRAL NB&T CO OF ENID",3,-1,2,,3,"19840630"
"N",4091,14,2,17,6,"4091_19840930",1958,0,"CENTRAL NB&T CO OF ENID",10,3,4,,10,"19840930"
"N",4091,17,3,26,9,"4091_19841231",2028,0,"CENTRAL NB&T CO OF ENID",3,9,6,,3,"19841231"
"N",4091,1,1,6,6,"4091_19850331",2004,0,"CENTRAL NB&T CO OF ENID",19,5,5,,19,"19850331"
"N",4091,6,2,23,9,"4091_19850630",1967,0,"CENTRAL NB&T CO OF ENID",17,17,7,,17,"19850630"
"N",4091,6,3,23,8,"4091_19850930",1967,0,"CENTRAL NB&T CO OF ENID",17,17,5,,17,"19850930"
"N",4091,7,1,29,6,"4091_19851231",1112,0,"CENTRAL NB&T CO OF ENID",0,22,5,,0,"19851231"
"N",4091,1,1,1,1,"4091_19860331",1160,0,"CENTRAL NB&T CO OF ENID",0,0,0,,0,"19860331"
"N",4091,1,0,6,5,"4091_19860630",1115,0,"CENTRAL NB&T CO OF ENID",0,5,5,,0,"19860630"
"N",4091,2,1,7,1,"4091_19860930",1158,0,"CENTRAL NB&T CO OF ENID",0,5,0,,0,"19860930"
"N",4091,5,3,7,0,"4091_19861231",1130,0,"CENTRAL NB&T CO OF ENID",0,2,-3,,0,"19861231"
"N",4091,2,2,1,1,"4091_19870331",1710,0,"CENTRAL NB&T CO OF ENID",0,-1,-1,,0,"19870331"
"N",4091,4,2,2,1,"4091_19870630",1592,0,"CENTRAL NB&T CO OF ENID",0,-2,-1,,0,"19870630"
"N",4091,5,1,4,2,"4091_19870930",1624,0,"CENTRAL NB&T CO OF ENID",0,-1,1,,0,"19870930"
"N",4091,23,18,40,36,"4091_19871231",1652,0,"CENTRAL NB&T CO OF ENID",0,17,18,,0,"19871231"
"N",4091,4,4,6,6,"4091_19880331",1617,0,"CENTRAL NB&T CO OF ENID",0,2,2,,0,"19880331"
"N",4091,6,2,12,6,"4091_19880630",1576,0,"CENTRAL NB&T CO OF ENID",0,6,4,,0,"19880630"
"N",4091,8,2,17,5,"4091_19880930",1599,0,"CENTRAL NB&T CO OF ENID",0,9,3,,0,"19880930"
"N",4091,13,5,22,5,"4091_19881231",1729,0,"CENTRAL NB&T CO OF ENID",0,9,0,,0,"19881231"
"N",4091,3,3,6,6,"4091_19890331",1813,0,"CENTRAL NB&T CO OF ENID",0,3,3,,0,"19890331"
"N",4091,5,2,10,4,"4091_19890630",1801,0,"CENTRAL NB&T CO OF ENID",2,5,2,,2,"19890630"
"N",4091,8,3,23,13,"4091_19890930",1898,0,"CENTRAL NB&T CO OF ENID",0,15,10,,0,"19890930"
"N",4091,11,3,26,3,"4091_19891231",2013,0,"CENTRAL NB&T CO OF ENID",0,15,0,,0,"19891231"
"N",4091,3,3,2,2,"4091_19900331",2077,0,"CENTRAL NB&T CO OF ENID",0,-1,-1,,0,"19900331"
"N",4091,5,2,3,1,"4091_19900630",2131,0,"CENTRAL NB&T CO OF ENID",0,-2,-1,,0,"19900630"
"N",4091,6,1,4,1,"4091_19900930",2266,0,"CENTRAL NB&T CO OF ENID",0,-2,0,,0,"19900930"
"N",4091,7,1,9,5,"4091_19901231",2337,0,"CENTRAL NB&T CO OF ENID",0,2,4,,0,"19901231"
"N",4091,2,2,8,8,"4091_19910331",2306,0,"CENTRAL NB&T CO OF ENID",0,6,6,,0,"19910331"
"N",4091,4,2,15,7,"4091_19910630",2308,0,"CENTRAL NB&T CO OF ENID",0,11,5,,0,"19910630"
"N",4091,6,2,17,2,"4091_19910930",2433,0,"CENTRAL NB&T CO OF ENID",0,11,0,,0,"19910930"
"N",4091,8,2,21,4,"4091_19911231",2396,0,"CENTRAL NB&T CO OF ENID",0,13,2,,0,"19911231"
"N",4091,3,3,8,8,"4091_19920331",2336,0,"CENTRAL NB&T CO OF ENID",0,5,5,,0,"19920331"
"N",4091,5,2,15,7,"4091_19920630",2326,0,"CENTRAL NB&T CO OF ENID",0,10,5,,0,"19920630"
"N",4091,9,4,18,3,"4091_19920930",2236,0,"CENTRAL NB&T CO OF ENID",0,9,-1,,0,"19920930"
"N",4091,10,1,23,5,"4091_19921231",2257,0,"CENTRAL NB&T CO OF ENID",0,13,4,,0,"19921231"
"N",4091,3,3,2,2,"4091_19930331",2327,0,"CENTRAL NB&T CO OF ENID",0,-1,-1,,0,"19930331"
"N",4091,4,1,3,1,"4091_19930630",2341,0,"CENTRAL NB&T CO OF ENID",0,-1,0,,0,"19930630"
"N",4091,4,0,5,2,"4091_19930930",2344,0,"CENTRAL NB&T CO OF ENID",0,1,2,,0,"19930930"
"N",4091,6,2,7,2,"4091_19931231",2408,0,"CENTRAL NB&T CO OF ENID",0,1,0,,0,"19931231"
"N",4091,1,1,1,1,"4091_19940331",2254,0,"CENTRAL NB&T CO OF ENID",0,0,0,,0,"19940331"
"N",4091,2,1,5,4,"4091_19940630",2206,0,"CENTRAL NB&T CO OF ENID",0,3,3,,0,"19940630"
"N",4091,2,0,5,0,"4091_19940930",2107,0,"CENTRAL NB&T CO OF ENID",0,3,0,,0,"19940930"
"N",4091,3,1,5,0,"4091_19941231",2068,0,"CENTRAL NB&T CO OF ENID",0,2,-1,,0,"19941231"
"N",4091,0,0,0,0,"4091_19950331",1917,0,"CENTRAL NB&T CO OF ENID",0,0,0,,0,"19950331"
"N",4091,1,1,1,1,"4091_19950630",1944,0,"CENTRAL NB&T CO OF ENID",1,0,0,,1,"19950630"
"N",4091,1,0,3,2,"4091_19950930",1850,0,"CENTRAL NB&T CO OF ENID",0,2,2,,0,"19950930"
"N",4091,1,0,4,1,"4091_19951231",1712,0,"CENTRAL NB&T CO OF ENID",0,3,1,,0,"19951231"
"N",4091,1,1,0,0,"4091_19960331",1627,0,"CENTRAL NB&T CO OF ENID",0,-1,-1,,0,"19960331"
"N",4091,2,1,1,1,"4091_19960630",1618,0,"CENTRAL NB&T CO OF ENID",0,-1,0,,0,"19960630"
"N",4091,2,0,1,0,"4091_19960930",1576,0,"CENTRAL NB&T CO OF ENID",0,-1,0,,0,"19960930"
"N",4091,2,0,2,1,"4091_19961231",1604,0,"CENTRAL NB&T CO OF ENID",0,0,1,,0,"19961231"
"N",4091,1,1,0,0,"4091_19970331",1564,0,"CENTRAL NB&T CO OF ENID",0,-1,-1,,0,"19970331"
"N",4091,1,0,0,0,"4091_19970630",1636,0,"CENTRAL NB&T CO OF ENID",0,-1,0,,0,"19970630"
"N",4091,1,0,0,0,"4091_19970930",2107,0,"CENTRAL NB&T CO OF ENID",0,-1,0,,0,"19970930"
"N",4091,1,0,0,0,"4091_19971231",1898,0,"CENTRAL NB&T CO OF ENID",0,-1,0,,0,"19971231"
"N",4091,0,0,0,0,"4091_19980331",1785,0,"CENTRAL NB&T CO OF ENID",0,0,0,,0,"19980331"
"N",4091,0,0,0,0,"4091_19980630",1710,0,"CENTRAL NB&T CO OF ENID",0,0,0,,0,"19980630"
"N",4091,0,0,1,1,"4091_19980930",1653,0,"CENTRAL NB&T CO OF ENID",0,1,1,,0,"19980930"
"N",4091,0,0,1,0,"4091_19981231",1591,0,"CENTRAL NB&T CO OF ENID",0,1,0,,0,"19981231"
"N",4091,0,0,0,0,"4091_19990331",1823,0,"CENTRAL NB&T CO OF ENID",0,0,0,,0,"19990331"
"N",4091,0,0,0,0,"4091_19990630",1784,0,"CENTRAL NB&T CO OF ENID",0,0,0,,0,"19990630"
"N",4091,0,0,0,0,"4091_19990930",1738,0,"CENTRAL NB&T CO OF ENID",0,0,0,,0,"19990930"
"N",4091,0,0,1,1,"4091_19991231",1787,0,"CENTRAL NB&T CO OF ENID",0,1,1,,0,"19991231"
"N",4091,1,1,1,1,"4091_20000331",1713,0,"CENTRAL NB&T CO OF ENID",0,0,0,,0,"20000331"
"N",4091,1,0,1,0,"4091_20000630",1631,0,"CENTRAL NB&T CO OF ENID",0,0,0,,0,"20000630"
"N",4091,1,0,2,1,"4091_20000930",1641,0,"CENTRAL NB&T CO OF ENID",0,1,1,,0,"20000930"
"N",4091,1,0,2,0,"4091_20001231",1641,0,"CENTRAL NB&T CO OF ENID",0,1,0,,0,"20001231"
"N",4091,0,0,0,0,"4091_20010331",0,0,"CENTRAL NB&T CO OF ENID",0,0,0,0,0,"20010331"
"N",4091,0,0,0,0,"4091_20010630",0,0,"CENTRAL NB&T CO OF ENID",0,0,0,0,0,"20010630"
"N",4091,0,0,0,0,"4091_20010930",0,0,"CENTRAL NB&T CO OF ENID",0,0,0,0,0,"20010930"
"N",4091,0,0,0,0,"4091_20011231",0,0,"CENTRAL NB&T CO OF ENID",0,0,0,0,0,"20011231"
"N",4091,0,0,0,0,"4091_20020331",0,0,"CENTRAL NB&T CO OF ENID",0,0,0,0,0,"20020331"
"N",4091,0,0,0,0,"4091_20020630",0,0,"CENTRAL NB&T CO OF ENID",0,0,0,0,0,"20020630"
"N",4091,0,0,0,0,"4091_20020930",0,0,"CENTRAL NB&T CO OF ENID",0,0,0,0,0,"20020930"
"N",4091,0,0,0,0,"4091_20021231",0,0,"CENTRAL NB&T CO OF ENID",0,0,0,0,0,"20021231"
"N",4091,0,0,0,0,"4091_20030331",0,0,"CENTRAL NB&T CO OF ENID",0,0,0,0,0,"20030331"
"N",4091,0,0,0,0,"4091_20030630",0,0,"CENTRAL NB&T CO OF ENID",0,0,0,0,0,"20030630"
"N",4091,0,0,0,0,"4091_20030930",0,0,"CENTRAL NB&T CO OF ENID",0,0,0,0,0,"20030930"
"N",4091,0,0,0,0,"4091_20031231",0,0,"CENTRAL NB&T CO OF ENID",0,0,0,0,0,"20031231"
"N",4091,0,0,0,0,"4091_20040331",0,0,"CENTRAL NB&T CO OF ENID",0,0,0,0,0,"20040331"
"N",4091,0,0,0,0,"4091_20040630",0,0,"CENTRAL NB&T CO OF ENID",0,0,0,0,0,"20040630"
"N",4091,0,0,0,0,"4091_20040930",0,0,"CENTRAL NB&T CO OF ENID",0,0,0,0,0,"20040930"
"N",4091,0,0,0,0,"4091_20041231",0,0,"CENTRAL NB&T CO OF ENID",0,0,0,0,0,"20041231"
"N",4091,0,0,0,0,"4091_20050331",0,0,"CENTRAL NB&T CO OF ENID",0,0,0,0,0,"20050331"
"N",4091,0,0,0,0,"4091_20050630",0,0,"CENTRAL NB&T CO OF ENID",0,0,0,0,0,"20050630"
"N",4091,0,0,0,0,"4091_20050930",0,0,"CENTRAL NB&T CO OF ENID",0,0,0,0,0,"20050930"
"N",4091,0,0,0,0,"4091_20051231",0,0,"CENTRAL NB&T CO OF ENID",0,0,0,0,0,"20051231"
"N",4091,0,0,0,0,"4091_20060331",0,0,"CENTRAL NB&T CO OF ENID",0,0,0,0,0,"20060331"
"N",4091,0,0,0,0,"4091_20060630",0,0,"CENTRAL NB&T CO OF ENID",0,0,0,0,0,"20060630"
"N",4091,0,0,0,0,"4091_20060930",0,0,"CENTRAL NB&T CO OF ENID",0,0,0,0,0,"20060930"
"N",4091,0,0,0,0,"4091_20061231",0,0,"CENTRAL NB&T CO OF ENID",0,0,0,0,0,"20061231"
"N",4091,0,0,0,0,"4091_20070331",0,0,"CENTRAL NB&T CO OF ENID",0,0,0,0,0,"20070331"
"N",4091,0,0,0,0,"4091_20070630",0,0,"CENTRAL NB&T CO OF ENID",0,0,0,0,0,"20070630"
"N",4091,0,0,0,0,"4091_20070930",0,0,"CENTRAL NB&T CO OF ENID",0,0,0,0,0,"20070930"
"N",4091,0,0,0,0,"4091_20071231",0,0,"CENTRAL NB&T CO OF ENID",0,0,0,0,0,"20071231"
"N",4091,0,0,0,0,"4091_20080331",0,0,"CENTRAL NB&T CO OF ENID",0,0,0,0,0,"20080331"
"N",4091,0,0,0,0,"4091_20080630",0,0,"CENTRAL NB&T CO OF ENID",0,0,0,0,0,"20080630"
"N",4091,0,0,0,0,"4091_20080930",0,0,"CENTRAL NB&T CO OF ENID",0,0,0,0,0,"20080930"
"N",4091,0,0,0,0,"4091_20081231",0,0,"CENTRAL NB&T CO OF ENID",0,0,0,0,0,"20081231"
"N",4091,0,0,0,0,"4091_20090331",0,0,"CENTRAL NB&T CO OF ENID",0,0,0,0,0,"20090331"
"N",4091,0,0,0,0,"4091_20090630",0,0,"CENTRAL NB&T CO OF ENID",0,0,0,0,0,"20090630"
"N",4091,0,0,0,0,"4091_20090930",0,0,"CENTRAL NB&T CO OF ENID",0,0,0,0,0,"20090930"
"N",4091,0,0,0,0,"4091_20091231",0,0,"CENTRAL NB&T CO OF ENID",0,0,0,0,0,"20091231"
"N",4091,0,0,0,0,"4091_20100331",0,0,"CENTRAL NB&T CO OF ENID",0,0,0,0,0,"20100331"
"N",4091,0,0,0,0,"4091_20100630",0,0,"CENTRAL NB&T CO OF ENID",0,0,0,0,0,"20100630"
"N",4091,0,0,0,0,"4091_20100930",0,0,"CENTRAL NB&T CO OF ENID",0,0,0,0,0,"20100930"
"N",4091,0,0,0,0,"4091_20101231",0,0,"CENTRAL NB&T CO OF ENID",0,0,0,0,0,"20101231"
"N",4091,0,0,0,0,"4091_20110331",0,0,"CENTRAL NB&T CO OF ENID",0,0,0,0,0,"20110331"
"N",4091,0,0,0,0,"4091_20110630",0,0,"CENTRAL NB&T CO OF ENID",0,0,0,0,0,"20110630"
"N",4091,0,0,0,0,"4091_20110930",0,0,"CENTRAL NB&T CO OF ENID",0,0,0,0,0,"20110930"
"N",4091,0,0,0,0,"4091_20111231",0,0,"CENTRAL NB&T CO OF ENID",0,0,0,0,0,"20111231"
"N",4091,0,0,0,0,"4091_20120331",0,0,"CENTRAL NB&T CO OF ENID",0,0,0,0,0,"20120331"
"N",4091,0,0,0,0,"4091_20120630",0,0,"CENTRAL NB&T CO OF ENID",0,0,0,0,0,"20120630"
"N",4091,0,0,0,0,"4091_20120930",0,0,"CENTRAL NB&T CO OF ENID",0,0,0,0,0,"20120930"
"N",4091,0,0,0,0,"4091_20121231",0,0,"CENTRAL NB&T CO OF ENID",0,0,0,0,0,"20121231"
"N",4091,0,0,0,0,"4091_20130331",0,0,"CENTRAL NB&T CO OF ENID",0,0,0,0,0,"20130331"
"N",4091,0,0,0,0,"4091_20130630",0,0,"CENTRAL NB&T CO OF ENID",0,0,0,0,0,"20130630"
"N",4091,0,0,0,0,"4091_20130930",0,0,"CENTRAL NB&T CO OF ENID",0,0,0,0,0,"20130930"
"N",4091,0,0,0,0,"4091_20131231",0,0,"CENTRAL NB&T CO OF ENID",0,0,0,0,0,"20131231"
"N",4091,0,0,0,0,"4091_20140331",0,0,"CENTRAL NB&T CO OF ENID",0,0,0,0,0,"20140331"
"N",4091,0,0,0,0,"4091_20140630",0,0,"CENTRAL NB&T CO OF ENID",0,0,0,0,0,"20140630"
"N",4091,0,0,0,0,"4091_20140930",0,0,"CENTRAL NB&T CO OF ENID",0,0,0,0,0,"20140930"
"N",4091,0,0,0,0,"4091_20141231",0,0,"CENTRAL NB&T CO OF ENID",0,0,0,0,0,"20141231"
"N",4091,0,0,0,0,"4091_20150331",0,0,"CENTRAL NB&T CO OF ENID",0,0,0,0,0,"20150331"
"N",4091,0,0,0,0,"4091_20150630",0,0,"CENTRAL NB&T CO OF ENID",0,0,0,0,0,"20150630"
"N",4091,0,0,0,0,"4091_20150930",0,0,"CENTRAL NB&T CO OF ENID",0,0,0,0,0,"20150930"
"N",4091,0,0,0,0,"4091_20151231",0,0,"CENTRAL NB&T CO OF ENID",0,0,0,0,0,"20151231"
"N",4091,0,0,0,0,"4091_20160331",0,0,"CENTRAL NB&T CO OF ENID",0,0,0,0,0,"20160331"
"N",4091,0,0,0,0,"4091_20160630",0,0,"CENTRAL NB&T CO OF ENID",0,0,0,0,0,"20160630"
"N",4091,0,0,0,0,"4091_20160930",0,0,"CENTRAL NB&T CO OF ENID",0,0,0,0,0,"20160930"
"N",4091,0,0,0,0,"4091_20161231",0,0,"CENTRAL NB&T CO OF ENID",0,0,0,0,0,"20161231"
"N",4091,0,0,0,0,"4091_20170331",0,0,"CENTRAL NB&T CO OF ENID",0,0,0,0,0,"20170331"
"N",4091,0,0,0,0,"4091_20170630",0,0,"CENTRAL NB&T CO OF ENID",0,0,0,0,0,"20170630"
"N",4091,0,0,0,0,"4091_20170930",0,0,"CENTRAL NB&T CO OF ENID",0,0,0,0,0,"20170930"
"N",4091,0,0,0,0,"4091_20171231",0,0,"CENTRAL NB&T CO OF ENID",0,0,0,0,0,"20171231"
"N",4091,0,0,0,0,"4091_20180331",0,0,"CENTRAL NB&T CO OF ENID",0,0,0,0,0,"20180331"
"N",4091,0,0,0,0,"4091_20180630",0,0,"CENTRAL NB&T CO OF ENID",0,0,0,0,0,"20180630"
"N",4091,0,0,0,0,"4091_20180930",0,0,"CENTRAL NB&T CO OF ENID",0,0,0,0,0,"20180930"
"N",4091,0,0,0,0,"4091_20181231",0,0,"CENTRAL NB&T CO OF ENID",0,0,0,0,0,"20181231"
"N",4091,0,0,0,0,"4091_20190331",0,0,"STRIDE BANK NATIONAL ASSN",0,0,0,0,0,"20190331"
"N",4091,0,0,0,0,"4091_20190630",43,0,"STRIDE BANK NATIONAL ASSN",0,0,0,0,0,"20190630"
"N",4091,0,0,0,0,"4091_20190930",192,0,"STRIDE BANK NATIONAL ASSN",0,0,0,0,0,"20190930"
"N",4091,0,0,0,0,"4091_20191231",777,0,"STRIDE BANK NATIONAL ASSN",0,0,0,0,0,"20191231"
"N",4091,0,0,0,0,"4091_20200331",3900,0,"STRIDE BANK NATIONAL ASSN",0,0,0,0,0,"20200331"
"N",4091,0,0,0,0,"4091_20200630",37393,0,"STRIDE BANK NATIONAL ASSN",0,0,0,0,0,"20200630"
"N",4091,0,0,0,0,"4091_20200930",136454,0,"STRIDE BANK NATIONAL ASSN",0,0,0,0,0,"20200930"
"N",4091,0,0,0,0,"4091_20201231",63039,0,"STRIDE BANK NATIONAL ASSN",0,0,0,0,0,"20201231"
"N",4091,0,0,0,0,"4091_20210331",120052,0,"STRIDE BANK NATIONAL ASSN",0,0,0,0,0,"20210331"
"N",4091,0,0,0,0,"4091_20210630",499937,0,"STRIDE BANK NATIONAL ASSN",0,0,0,0,0,"20210630"
"N",4091,0,0,0,0,"4091_20210930",636232,0,"STRIDE BANK NATIONAL ASSN",0,0,0,0,0,"20210930"
"N",4091,0,0,0,0,"4091_20211231",765026,0,"STRIDE BANK NATIONAL ASSN",0,0,0,0,0,"20211231"
"N",4091,0,0,0,0,"4091_20220331",1090928,0,"STRIDE BANK NATIONAL ASSN",0,0,0,0,0,"20220331"
"N",4091,0,0,0,0,"4091_20220630",942320,0,"STRIDE BANK NATIONAL ASSN",0,0,0,0,0,"20220630"
"N",4091,0,0,0,0,"4091_20220930",1012570,0,"STRIDE BANK NATIONAL ASSN",0,0,0,0,0,"20220930"
"N",4091,0,0,0,0,"4091_20221231",1107995,0,"STRIDE BANK NATIONAL ASSN",0,0,0,0,0,"20221231"
"N",4091,0,0,0,0,"4091_20230331",1383879,0,"STRIDE BANK NATIONAL ASSN",0,0,0,0,0,"20230331"
"N",4091,0,0,0,0,"4091_20230630",1269715,0,"STRIDE BANK NATIONAL ASSN",0,0,0,0,0,"20230630"
"N",4091,0,0,0,0,"4091_20230930",1309141,0,"STRIDE BANK NATIONAL ASSN",0,0,0,0,0,"20230930"
"N",4091,0,0,0,0,"4091_20231231",1586654,0,"STRIDE BANK NATIONAL ASSN",0,0,0,0,0,"20231231"
"N",4091,0,0,0,0,"4091_20240331",2018592,0,"STRIDE BANK NATIONAL ASSN",0,0,0,0,0,"20240331"
"N",4091,0,0,0,0,"4091_20240630",1684295,0,"STRIDE BANK NATIONAL ASSN",0,0,0,0,0,"20240630"
"N",4091,0,0,0,0,"4091_20240930",1729682,0,"STRIDE BANK NATIONAL ASSN",0,0,0,0,0,"20240930"
"N",4091,0,0,0,0,"4091_20241231",1764971,0,"STRIDE BANK NATIONAL ASSN",0,0,0,0,0,"20241231"
"N",4091,0,0,0,0,"4091_20250331",2006539,0,"STRIDE BANK NATIONAL ASSN",0,0,0,0,0,"20250331"
"N",4091,0,0,0,0,"4091_20250630",1759868,0,"STRIDE BANK NATIONAL ASSN",0,0,0,0,0,"20250630"
"N",4091,0,0,0,0,"4091_20250930",1708447,0,"STRIDE BANK NATIONAL ASSN",0,0,0,0,0,"20250930"
"N",4091,0,0,0,0,"4091_20251231",2197556,0,"STRIDE BANK NATIONAL ASSN",0,0,0,0,0,"20251231"
"N",4091,0,0,0,0,"4091_20260331",2911747,0,"STRIDE BANK NATIONAL ASSN",0,0,0,0,0,"20260331"
"N",4091,0,0,0,0,"4091_20260630",2911647,0,"STRIDE BANK NATIONAL ASSN",0,0,0,0,0,"20260630"