"YRQTR","Total Balances ($Billions)","Number of Accounts (Millions)","Total Commitments ($Billions)","Account Balance (Active Accounts Only) (50th percentile)","Account Balance (Active Accounts Only) (75th percentile)","Account Balance (Active Accounts Only) (90th percentile)","Current Credit Limit (50th Percentile)","Current Credit Limit (75th Percentile)","Current Credit Limit (90th Percentile)","Current Credit Score (10th percentile)","Current Credit Score (25th percentile)","Current Credit Score (50th percentile)","Utilization (Active Accounts Only) (50th percentile)","Utilization (Active Accounts Only) (75th percentile)","Utilization (Active Accounts Only) (90th percentile)","Percentage of Accounts with Credit Line Decrease","Percentage of Accounts with Credit Line Increase","30+ Days Past Due Rates: Accounts Based","30+ Days Past Due Rates: Balances Based","60+ Days Past Due Rates: Accounts Based","60+ Days Past Due Rates: Balances Based","90+ Days Past Due Rates: Accounts Based","90+ Days Past Due Rates: Balances Based","Share of Accounts Making the Minimum Payment","Share of Accounts Making Greater Than the Minimum Payment but Less Than the Full Balance","Share of Accounts Making the Full Balance Payment","Revolving Balances Only ($Billions)","Net Charge-Off Rate","Average Purchase APR: General Purpose","Average Purchase APR: Private Label","Total Purchase Volume ($Billions)","Average Purchase Volume by Credit Score Group: < 660 Credit Score","Average Purchase Volume by Credit Score Group: 660-719 Credit Score","Average Purchase Volume by Credit Score Group: >= 720 Credit Score","Percentage of Accounts Subject to Promotional APR: Percentage APR Accounts"
"2012Q3","$579.13","517.47","$3,012.35","$301","$1,558","$4,395","$3,248","$8,357","$14,656","632","690","761","9.43 %","59.70 %","94.59 %","null","1.17 %","1.44 %","3.18 %","0.94 %","2.28 %","0.66 %","1.66 %","8.76 %","32.54 %","26.25 %","$418.11","4.51 %","16.87 %","23.82 %","$320.79","$242.27","$584.74","$1,223.40","12.98 %"
"2012Q4","$595.63","515.58","$3,010.59","$332","$1,610","$4,444","$3,248","$8,357","$14,656","632","690","761","11.21 %","61.11 %","94.94 %","1.59 %","1.80 %","1.47 %","3.12 %","0.98 %","2.28 %","0.69 %","1.68 %","9.41 %","32.42 %","27.69 %","$463.36","4.23 %","16.85 %","23.82 %","$353.64","$249.48","$603.30","$1,254.75","13.21 %"
"2013Q1","$564.42","513.17","$2,991.92","$275","$1,491","$4,299","$3,248","$8,357","$14,656","632","690","761","8.55 %","57.12 %","93.39 %","2.03 %","1.57 %","1.28 %","2.97 %","0.87 %","2.20 %","0.62 %","1.66 %","8.61 %","32.98 %","28.97 %","$452.73","4.35 %","16.78 %","23.83 %","$330.74","$232.74","$562.29","$1,177.46","12.88 %"
"2013Q2","$572.16","510.15","$2,994.80","$265","$1,444","$4,231","$3,338","$8,357","$14,656","635","692","761","8.06 %","53.22 %","92.14 %","1.88 %","1.51 %","1.27 %","2.97 %","0.84 %","2.26 %","0.60 %","1.78 %","8.38 %","31.85 %","29.59 %","$410.64","4.08 %","16.77 %","23.88 %","$361.60","$270.02","$617.99","$1,280.98","12.87 %"
"2013Q3","$571.45","512.73","$2,992.18","$260","$1,429","$4,206","$3,248","$8,357","$14,656","636","691","760","7.66 %","53.35 %","92.56 %","1.52 %","1.68 %","1.26 %","2.49 %","0.79 %","1.70 %","0.52 %","1.16 %","8.65 %","31.67 %","29.74 %","$404.84","3.62 %","16.75 %","23.93 %","$367.33","$304.39","$654.89","$1,298.97","12.87 %"
"2013Q4","$590.78","518.22","$3,010.35","$292","$1,489","$4,266","$3,248","$8,190","$14,656","636","691","761","9.54 %","55.46 %","93.08 %","1.61 %","2.05 %","1.28 %","2.50 %","0.83 %","1.75 %","0.56 %","1.23 %","8.98 %","31.12 %","28.84 %","$421.51","3.60 %","16.76 %","23.96 %","$379.18","$312.54","$661.03","$1,314.02","13.46 %"
"2014Q1","$561.43","513.42","$3,003.53","$244","$1,386","$4,126","$3,248","$8,357","$14,656","636","691","761","7.16 %","51.87 %","91.45 %","1.76 %","1.78 %","1.10 %","2.36 %","0.71 %","1.66 %","0.49 %","1.19 %","8.24 %","31.93 %","30.27 %","$417.33","3.81 %","16.73 %","23.97 %","$354.70","$287.87","$610.44","$1,231.62","13.41 %"
"2014Q2","$575.37","521.51","$3,016.76","$265","$1,449","$4,186","$3,194","$8,106","$14,568","638","693","762","8.04 %","52.75 %","91.94 %","1.43 %","2.47 %","1.07 %","2.12 %","0.65 %","1.46 %","0.42 %","1.02 %","8.61 %","31.50 %","29.43 %","$418.01","3.61 %","16.79 %","23.98 %","$393.78","$335.06","$676.00","$1,353.39","13.79 %"
"2014Q3","$582.67","512.16","$3,020.27","$281","$1,489","$4,213","$3,429","$8,357","$14,656","636","691","760","8.49 %","55.32 %","92.92 %","1.33 %","2.23 %","1.21 %","2.24 %","0.76 %","1.53 %","0.50 %","1.05 %","9.07 %","31.93 %","29.09 %","$430.87","3.24 %","16.85 %","23.98 %","$400.21","$341.46","$697.34","$1,366.68","14.34 %"
"2014Q4","$608.48","521.51","$3,054.12","$316","$1,550","$4,269","$3,429","$8,148","$14,656","635","690","760","10.43 %","57.02 %","93.33 %","1.31 %","2.70 %","1.27 %","2.27 %","0.82 %","1.59 %","0.55 %","1.11 %","9.39 %","31.63 %","29.23 %","$436.69","3.31 %","16.91 %","24.01 %","$411.31","$342.77","$711.50","$1,396.29","14.82 %"
"2015Q1","$580.14","521.78","$3,059.70","$257","$1,432","$4,103","$3,429","$8,190","$14,656","634","689","759","7.58 %","53.10 %","91.53 %","1.61 %","2.26 %","1.13 %","2.21 %","0.73 %","1.55 %","0.50 %","1.11 %","8.43 %","32.09 %","30.28 %","$433.39","3.42 %","16.95 %","24.02 %","$380.86","$317.68","$647.62","$1,283.81","14.43 %"
"2015Q2","$595.98","526.75","$3,086.99","$275","$1,493","$4,149","$3,429","$8,190","$14,587","635","690","759","8.27 %","53.55 %","92.06 %","1.40 %","3.13 %","1.14 %","2.04 %","0.69 %","1.38 %","0.45 %","0.96 %","8.93 %","31.65 %","29.63 %","$432.63","3.33 %","17.03 %","24.05 %","$422.66","$365.69","$716.60","$1,400.46","14.26 %"
"2015Q3","$606.27","514.17","$3,108.75","$304","$1,573","$4,235","$3,810","$8,621","$14,857","633","688","757","8.92 %","56.58 %","93.29 %","1.16 %","3.08 %","1.35 %","2.25 %","0.85 %","1.51 %","0.56 %","1.04 %","9.49 %","32.11 %","29.03 %","$447.03","2.99 %","17.28 %","24.01 %","$430.77","$376.28","$754.07","$1,432.06","14.68 %"
"2015Q4","$636.37","527.12","$3,167.05","$336","$1,618","$4,273","$3,810","$8,448","$14,857","631","687","756","10.62 %","57.95 %","93.71 %","1.74 %","3.26 %","1.41 %","2.34 %","0.92 %","1.63 %","0.62 %","1.14 %","9.69 %","31.62 %","29.55 %","$455.62","3.35 %","17.46 %","24.02 %","$444.81","$378.21","$768.24","$1,466.50","14.81 %"
"2016Q1","$609.49","527.00","$3,192.62","$271","$1,510","$4,130","$3,810","$8,621","$14,858","631","686","756","7.72 %","53.85 %","92.00 %","1.84 %","2.75 %","1.22 %","2.25 %","0.80 %","1.59 %","0.55 %","1.14 %","8.86 %","32.37 %","30.38 %","$455.18","3.67 %","17.67 %","24.07 %","$413.67","$344.13","$698.54","$1,330.46","14.47 %"
"2016Q2","$626.48","532.68","$3,236.39","$285","$1,554","$4,174","$3,810","$8,621","$14,947","632","687","757","8.18 %","54.02 %","92.40 %","1.45 %","3.32 %","1.24 %","2.19 %","0.77 %","1.49 %","0.50 %","1.03 %","9.34 %","31.55 %","29.03 %","$454.10","3.59 %","17.82 %","24.15 %","$453.05","$381.70","$751.06","$1,430.05","14.46 %"
"2016Q3","$642.93","536.22","$3,288.16","$308","$1,618","$4,250","$3,810","$8,621","$15,217","630","686","756","8.71 %","56.22 %","93.33 %","1.43 %","3.53 %","1.44 %","2.44 %","0.92 %","1.66 %","0.61 %","1.14 %","9.60 %","31.79 %","29.30 %","$472.61","3.33 %","17.87 %","24.14 %","$464.30","$386.99","$775.13","$1,447.26","14.82 %"
"2016Q4","$677.42","539.82","$3,332.11","$361","$1,722","$4,395","$3,810","$8,621","$15,307","629","686","756","10.89 %","58.93 %","94.13 %","1.44 %","3.72 %","1.55 %","2.57 %","1.02 %","1.80 %","0.69 %","1.27 %","9.95 %","31.67 %","29.19 %","$483.56","3.74 %","18.05 %","24.30 %","$485.45","$387.72","$799.17","$1,514.72","15.27 %"
"2017Q1","$647.52","542.28","$3,361.82","$289","$1,597","$4,234","$3,810","$8,621","$15,307","627","685","756","7.81 %","54.52 %","92.47 %","1.62 %","3.38 %","1.38 %","2.56 %","0.93 %","1.82 %","0.64 %","1.30 %","9.09 %","32.38 %","30.36 %","$482.79","4.32 %","18.30 %","24.65 %","$453.08","$348.00","$729.36","$1,411.74","14.46 %"
"2017Q2","$666.61","542.57","$3,387.67","$314","$1,660","$4,334","$4,000","$8,621","$15,576","629","686","757","8.54 %","55.05 %","92.97 %","1.55 %","3.38 %","1.36 %","2.48 %","0.86 %","1.70 %","0.57 %","1.19 %","9.51 %","31.64 %","29.79 %","$482.58","4.38 %","18.59 %","24.87 %","$500.55","$383.07","$794.19","$1,548.27","14.07 %"
"2017Q3","$681.49","544.79","$3,434.57","$327","$1,696","$4,400","$4,190","$8,621","$15,665","628","686","757","8.75 %","56.28 %","93.67 %","1.36 %","3.49 %","1.52 %","2.72 %","0.99 %","1.87 %","0.67 %","1.30 %","9.94 %","31.53 %","29.44 %","$499.15","4.11 %","18.80 %","25.00 %","$505.96","$384.22","$810.97","$1,553.87","13.88 %"
"2017Q4","$721.77","551.68","$3,512.34","$373","$1,778","$4,535","$4,286","$8,621","$15,665","628","686","757","10.68 %","58.21 %","94.20 %","1.36 %","3.52 %","1.57 %","2.77 %","1.04 %","1.95 %","0.72 %","1.36 %","10.31 %","31.37 %","29.58 %","$513.57","4.38 %","18.92 %","25.13 %","$535.19","$390.66","$839.59","$1,624.42","13.68 %"
"2018Q1","$680.21","545.54","$3,511.24","$301","$1,652","$4,372","$4,286","$8,621","$15,934","628","686","757","7.50 %","53.68 %","92.55 %","1.50 %","3.41 %","1.37 %","2.73 %","0.93 %","1.95 %","0.65 %","1.40 %","9.38 %","32.15 %","30.98 %","$510.17","4.75 %","19.23 %","25.33 %","$501.01","$355.05","$777.02","$1,526.44","13.10 %"
"2018Q2","$698.24","546.86","$3,546.80","$359","$1,769","$4,531","$4,381","$8,621","$16,113","631","688","758","9.31 %","55.61 %","93.13 %","1.41 %","3.57 %","1.31 %","2.51 %","0.84 %","1.74 %","0.57 %","1.24 %","9.51 %","30.48 %","31.31 %","$502.16","4.62 %","19.58 %","25.53 %","$553.16","$396.07","$843.48","$1,663.89","12.87 %"
"2018Q3","$709.78","549.57","$3,593.45","$365","$1,781","$4,571","$4,571","$8,621","$16,113","629","687","758","9.28 %","56.37 %","93.75 %","1.50 %","3.40 %","1.47 %","2.72 %","0.96 %","1.88 %","0.64 %","1.29 %","9.82 %","30.38 %","30.63 %","$518.58","4.27 %","19.77 %","25.65 %","$561.38","$410.35","$867.57","$1,667.71","13.09 %"
"2018Q4","$740.46","553.28","$3,643.62","$379","$1,800","$4,620","$4,571","$8,621","$16,113","628","687","758","10.15 %","56.49 %","94.00 %","1.30 %","3.80 %","1.65 %","2.88 %","1.12 %","2.03 %","0.79 %","1.42 %","10.18 %","30.37 %","31.12 %","$526.84","4.39 %","20.12 %","26.26 %","$580.27","$420.74","$894.45","$1,725.29","13.52 %"
"2019Q1","$705.76","548.85","$3,674.38","$305","$1,679","$4,469","$4,762","$8,793","$16,471","627","687","759","7.25 %","52.26 %","92.42 %","1.50 %","3.26 %","1.40 %","2.83 %","0.96 %","2.03 %","0.67 %","1.47 %","9.43 %","31.14 %","32.03 %","$526.63","4.85 %","20.36 %","26.51 %","$533.25","$380.69","$812.50","$1,586.75","12.72 %"
"2019Q2","$727.08","546.07","$3,690.42","$334","$1,749","$4,577","$4,762","$9,052","$16,560","630","689","760","8.09 %","52.50 %","92.82 %","1.80 %","3.73 %","1.34 %","2.61 %","0.86 %","1.82 %","0.58 %","1.29 %","9.79 %","30.12 %","32.00 %","$521.61","4.77 %","20.42 %","26.61 %","$594.77","$427.51","$893.25","$1,752.22","12.84 %"
"2019Q3","$735.99","544.25","$3,712.88","$341","$1,762","$4,610","$4,762","$9,052","$16,740","628","688","760","8.06 %","53.26 %","93.38 %","1.55 %","3.66 %","1.49 %","2.82 %","0.98 %","1.96 %","0.67 %","1.36 %","9.95 %","30.32 %","31.64 %","$535.67","4.35 %","20.20 %","26.29 %","$595.52","$433.96","$917.59","$1,750.48","13.20 %"
"2019Q4","$774.72","557.00","$3,775.24","$388","$1,822","$4,694","$4,762","$9,052","$16,560","624","685","758","10.14 %","56.51 %","94.09 %","1.48 %","3.69 %","1.63 %","2.96 %","1.10 %","2.10 %","0.75 %","1.48 %","10.37 %","30.20 %","31.88 %","$547.28","4.54 %","19.90 %","25.92 %","$620.12","$428.71","$916.69","$1,799.65","13.28 %"
"2020Q1","$736.62","555.08","$3,792.69","$315","$1,702","$4,521","$4,762","$9,052","$16,829","624","685","758","7.32 %","52.71 %","92.69 %","1.53 %","3.11 %","1.46 %","2.89 %","0.99 %","2.06 %","0.70 %","1.50 %","9.80 %","30.72 %","32.46 %","$553.31","4.99 %","19.33 %","25.30 %","$566.25","$386.88","$834.21","$1,639.93","12.45 %"
"2020Q2","$665.94","542.86","$3,722.68","$236","$1,499","$4,233","$4,762","$9,052","$16,829","632","691","763","5.00 %","45.56 %","89.09 %","1.77 %","1.18 %","1.06 %","2.42 %","0.75 %","1.81 %","0.53 %","1.34 %","8.29 %","28.45 %","31.98 %","$490.33","5.03 %","18.48 %","24.66 %","$445.48","$323.57","$638.39","$1,292.04","11.11 %"
"2020Q3","$650.79","538.14","$3,666.97","$249","$1,491","$4,164","$4,762","$9,052","$16,650","637","695","765","5.46 %","44.97 %","89.20 %","2.42 %","1.16 %","0.92 %","2.11 %","0.58 %","1.41 %","0.39 %","0.98 %","8.66 %","28.39 %","33.35 %","$476.82","4.16 %","18.51 %","24.67 %","$541.68","$398.20","$772.80","$1,571.37","10.88 %"
"2020Q4","$667.14","537.99","$3,656.33","$308","$1,576","$4,233","$4,762","$9,052","$16,560","637","695","765","7.50 %","47.78 %","90.72 %","1.82 %","2.39 %","1.04 %","2.33 %","0.67 %","1.64 %","0.45 %","1.16 %","9.09 %","28.43 %","34.35 %","$465.54","3.13 %","18.55 %","24.68 %","$594.11","$433.16","$849.08","$1,731.97","10.81 %"
"2021Q1","$613.68","534.89","$3,645.15","$237","$1,409","$3,980","$4,762","$9,052","$16,650","639","696","766","5.11 %","41.77 %","87.89 %","1.74 %","2.36 %","0.85 %","2.09 %","0.58 %","1.55 %","0.41 %","1.15 %","8.02 %","28.85 %","36.31 %","$440.08","3.75 %","18.60 %","24.70 %","$550.73","$401.60","$790.33","$1,627.92","10.20 %"
"2021Q2","$631.44","539.47","$3,686.36","$258","$1,466","$4,049","$4,762","$9,052","$16,830","644","698","766","5.97 %","40.91 %","87.04 %","1.38 %","3.62 %","0.72 %","1.57 %","0.44 %","1.10 %","0.30 %","0.80 %","8.17 %","27.63 %","36.86 %","$424.02","3.15 %","18.69 %","24.72 %","$669.12","$498.36","$940.86","$1,947.02","10.54 %"
"2021Q3","$647.72","545.33","$3,774.82","$266","$1,492","$4,074","$4,762","$9,138","$17,100","641","696","765","6.06 %","41.90 %","88.26 %","1.22 %","4.45 %","0.84 %","1.61 %","0.52 %","1.08 %","0.33 %","0.73 %","8.54 %","28.20 %","36.16 %","$442.04","2.10 %","18.80 %","24.76 %","$700.77","$527.98","$1,014.65","$1,992.75","11.56 %"
"2021Q4","$700.87","553.64","$3,857.84","$331","$1,640","$4,296","$4,762","$9,310","$17,100","639","695","764","8.10 %","45.81 %","90.37 %","1.32 %","4.40 %","1.02 %","1.73 %","0.65 %","1.17 %","0.42 %","0.80 %","8.78 %","28.32 %","36.24 %","$457.43","1.93 %","18.92 %","25.10 %","$758.81","$553.03","$1,093.95","$2,124.87","12.36 %"
"2022Q1","$679.97","558.43","$3,924.41","$279","$1,550","$4,178","$4,762","$9,483","$17,100","637","694","764","6.16 %","43.02 %","89.33 %","1.47 %","3.94 %","1.05 %","1.85 %","0.69 %","1.27 %","0.46 %","0.89 %","8.53 %","28.84 %","36.10 %","$466.89","2.28 %","19.07 %","25.16 %","$703.19","$497.18","$1,008.41","$1,960.30","12.54 %"
"2022Q2","$728.14","577.99","$4,043.65","$297","$1,631","$4,339","$4,762","$9,397","$17,100","638","694","764","6.70 %","44.17 %","90.41 %","1.15 %","4.21 %","1.09 %","1.81 %","0.69 %","1.23 %","0.45 %","0.84 %","9.02 %","28.49 %","35.65 %","$484.85","2.40 %","19.96 %","25.62 %","$809.44","$565.22","$1,147.84","$2,206.24","12.62 %"
"2022Q3","$769.32","585.20","$4,142.58","$325","$1,721","$4,496","$4,762","$9,483","$17,550","634","692","763","7.27 %","47.37 %","92.28 %","1.18 %","3.94 %","1.36 %","2.18 %","0.89 %","1.46 %","0.58 %","0.97 %","9.41 %","28.65 %","34.69 %","$526.20","2.37 %","21.50 %","26.65 %","$819.02","$555.67","$1,153.25","$2,173.21","13.20 %"
"2022Q4","$827.18","589.28","$4,214.01","$383","$1,845","$4,731","$4,762","$9,483","$17,550","632","690","762","9.15 %","51.37 %","93.68 %","1.24 %","4.04 %","1.55 %","2.51 %","1.03 %","1.72 %","0.70 %","1.18 %","9.90 %","28.78 %","34.75 %","$555.49","2.93 %","23.02 %","27.94 %","$842.35","$546.03","$1,164.65","$2,228.77","13.72 %"
"2023Q1","$810.18","594.88","$4,314.89","$329","$1,771","$4,647","$4,763","$9,741","$18,000","630","690","762","7.07 %","48.98 %","92.65 %","1.43 %","3.59 %","1.47 %","2.75 %","1.00 %","1.93 %","0.70 %","1.36 %","9.54 %","29.42 %","35.07 %","$572.06","3.74 %","23.86 %","28.65 %","$783.71","$488.65","$1,059.34","$2,080.35","13.51 %"
"2023Q2","$851.43","598.55","$4,406.20","$359","$1,856","$4,834","$4,857","$9,914","$18,000","632","692","764","7.84 %","50.43 %","93.44 %","1.35 %","3.46 %","1.51 %","2.79 %","1.00 %","1.93 %","0.66 %","1.33 %","10.00 %","28.66 %","34.89 %","$584.18","4.18 %","24.35 %","28.92 %","$863.23","$523.33","$1,125.88","$2,254.52","13.45 %"
"2023Q3","$878.46","601.75","$4,473.00","$370","$1,898","$4,934","$5,000","$10,000","$18,000","629","691","763","7.92 %","52.34 %","94.39 %","1.59 %","3.44 %","1.74 %","3.22 %","1.17 %","2.24 %","0.79 %","1.53 %","10.30 %","28.83 %","34.37 %","$615.91","4.35 %","24.67 %","29.07 %","$867.10","$518.52","$1,136.77","$2,236.75","13.35 %"
"2023Q4","$927.19","605.02","$4,544.61","$418","$1,990","$5,102","$5,000","$10,000","$18,200","627","690","763","9.46 %","55.00 %","95.18 %","1.58 %","3.74 %","1.90 %","3.50 %","1.30 %","2.49 %","0.89 %","1.73 %","10.65 %","28.62 %","34.55 %","$635.07","5.07 %","24.77 %","29.16 %","$886.42","$509.34","$1,139.73","$2,280.75","13.50 %"
"2024Q1","$896.09","600.41","$4,585.46","$351","$1,898","$5,000","$5,000","$10,000","$18,600","626","690","763","7.24 %","51.86 %","94.06 %","1.68 %","3.27 %","1.78 %","3.57 %","1.25 %","2.60 %","0.87 %","1.87 %","10.23 %","28.95 %","34.99 %","$638.36","5.86 %","24.81 %","29.58 %","$828.35","$461.60","$1,040.21","$2,141.23","12.96 %"
"2024Q2","$918.73","600.46","$4,649.42","$369","$1,948","$5,094","$5,000","$10,100","$19,000","628","692","765","7.67 %","51.86 %","94.26 %","1.56 %","3.72 %","1.70 %","3.34 %","1.15 %","2.38 %","0.78 %","1.69 %","10.58 %","28.08 %","35.02 %","$637.97","5.98 %","24.91 %","30.41 %","$899.46","$501.62","$1,117.22","$2,305.29","12.68 %"
"2024Q3","$929.77","596.88","$4,688.72","$373","$1,964","$5,145","$5,000","$10,500","$19,000","627","693","766","7.56 %","52.61 %","94.73 %","1.63 %","3.38 %","1.83 %","3.54 %","1.25 %","2.52 %","0.86 %","1.76 %","10.86 %","28.12 %","34.83 %","$655.59","5.56 %","25.04 %","30.95 %","$894.00","$506.04","$1,128.54","$2,276.27","12.60 %"
"2024Q4","$968.33","597.57","$4,743.32","$421","$2,042","$5,311","$5,000","$10,500","$19,500","627","693","766","8.97 %","54.25 %","95.05 %","1.51 %","3.45 %","1.85 %","3.50 %","1.29 %","2.54 %","0.90 %","1.81 %","11.01 %","27.75 %","35.41 %","$658.99","5.70 %","24.68 %","31.10 %","$931.53","$514.54","$1,156.51","$2,373.29","12.35 %"
"2025Q1","$924.94","595.72","$4,786.93","$348","$1,929","$5,141","$5,000","$10,800","$19,800","627","693","768","6.72 %","50.75 %","93.88 %","1.67 %","3.23 %","1.69 %","3.40 %","1.17 %","2.46 %","0.82 %","1.77 %","10.43 %","28.33 %","35.64 %","$657.93","6.01 %","24.55 %","31.15 %","$865.75","$481.02","$1,066.02","$2,220.09","11.60 %"
"2025Q2","$946.42","595.56","$4,839.20","$369","$1,980","$5,251","$5,001","$11,000","$20,000","628","695","769","7.25 %","50.91 %","94.04 %","1.53 %","3.39 %","1.60 %","3.14 %","1.09 %","2.25 %","0.74 %","1.59 %","10.72 %","27.70 %","35.75 %","$655.67","5.31 %","24.60 %","31.33 %","$943.50","$542.54","$1,160.26","$2,396.73","11.33 %"
"2025Q3","$957.68","599.17","$4,905.88","$373","$1,992","$5,298","$5,001","$11,000","$20,000","627","694","769","7.24 %","51.51 %","94.50 %","1.64 %","3.69 %","1.71 %","3.30 %","1.16 %","2.33 %","0.79 %","1.63 %","10.59 %","27.94 %","35.98 %","$666.12","4.98 %","24.70 %","31.47 %","$949.84","$548.50","$1,188.08","$2,403.60","11.33 %"
"2025Q4","$995.54","600.05","$4,958.60","$419","$2,063","$5,445","$5,100","$11,000","$20,000","626","694","769","8.55 %","53.09 %","94.85 %","1.59 %","3.78 %","1.79 %","3.35 %","1.23 %","2.40 %","0.85 %","1.69 %","10.73 %","27.81 %","36.35 %","$672.72","5.11 %","24.34 %","31.32 %","$982.76","$558.36","$1,220.63","$2,488.72","11.36 %"
"2026Q1","$955.52","598.52","$4,999.06","$351","$1,949","$5,284","$5,250","$11,300","$20,000","626","694","769","6.56 %","49.63 %","93.61 %","1.74 %","3.60 %","1.64 %","3.29 %","1.14 %","2.38 %","0.80 %","1.72 %","10.15 %","28.19 %","36.74 %","$670.53","5.19 %","24.19 %","31.21 %","$921.59","$523.95","$1,135.17","$2,337.96","10.98 %"
"2026Q2","$978.09","598.75","$5,065.24","$375","$2,000","$5,389","$5,450","$11,500","$20,000","628","695","770","7.08 %","49.67 %","93.79 %","1.53 %","3.95 %","1.55 %","2.99 %","1.04 %","2.10 %","0.70 %","1.49 %","10.15 %","27.92 %","36.90 %","$665.69","5.01 %","24.22 %","31.21 %","$1,011.62","$576.98","$1,234.28","$2,549.07","10.91 %"
"","","","","","","","","","","","","","","","","","","","","","","","","","","","","","","","","","","",""
"Source: Philadelphia Fed FR Y-14M Data","","","","","","","","","","","","","","","","","","","","","","","","","","","","","","","","","","",""
"Website: https://www.philadelphiafed.org/surveys-and-data/large-bank-credit-card-and-mortgage-data","","","","","","","","","","","","","","","","","","","","","","","","","","","","","","","","","","",""
"Email: Phil.LargeBankData@phil.frb.org","","","","","","","","","","","","","","","","","","","","","","","","","","","","","","","","","","",""