"YRQTR","New Originations ($Billions)","Number of New Accounts (Millions)","Original Credit Limit (50th percentile)","Original Credit Limit (75th percentile)","Original Credit Limit (90th percentile)","Original Credit Score (10th percentile)","Original Credit Score (25th percentile)","Original Credit Score (50th percentile)","Average Original Purchase APR: General Purpose","Average Original Purchase APR: Private Label","Median Original Credit Limit by Credit Score Group: < 660 Credit Score","Median Original Credit Limit by Credit Score Group: 660-719 Credit Score","Median Original Credit Limit by Credit Score Group: >= 720 Credit Score","Percentage of New Accounts with < 660 Credit Score","Percentage of New Commitments with < 660 Credit Score"
"2012Q3","$57.78","15.05","$2,187.50","$5,333.33","$9,144.74","627","670","732","19.03 %","25.49 %","$700.00","$1,760.00","$4,339.29","20.49 %","5.93 %"
"2012Q4","$66.89","18.43","$2,187.50","$5,333.33","$9,144.74","640","677","738","19.40 %","25.23 %","$700.00","$1,760.00","$4,017.86","18.05 %","5.23 %"
"2013Q1","$60.30","14.63","$2,625.00","$5,333.33","$9,144.74","640","679","737","18.66 %","25.36 %","$700.00","$1,760.00","$4,017.86","17.29 %","4.91 %"
"2013Q2","$63.66","16.24","$2,187.50","$5,333.33","$9,144.74","641","677","734","19.10 %","25.12 %","$700.00","$1,760.00","$4,017.86","17.61 %","5.20 %"
"2013Q3","$65.84","17.04","$2,187.50","$5,333.33","$9,144.74","636","671","728","18.89 %","25.82 %","$700.00","$1,760.00","$4,017.86","19.52 %","5.83 %"
"2013Q4","$77.22","20.64","$2,012.50","$5,333.33","$9,144.74","632","668","728","19.04 %","25.89 %","$700.00","$1,760.00","$4,017.86","21.21 %","6.33 %"
"2014Q1","$69.71","16.70","$2,187.50","$5,333.33","$9,144.74","628","665","723","18.57 %","25.95 %","$700.00","$1,760.00","$4,821.43","22.28 %","6.53 %"
"2014Q2","$75.52","19.07","$2,187.50","$5,333.33","$9,144.74","625","661","719","19.05 %","25.68 %","$700.00","$1,760.00","$4,821.43","23.65 %","7.24 %"
"2014Q3","$73.04","18.80","$1,750.00","$5,333.33","$9,144.74","620","656","711","18.68 %","25.85 %","$700.00","$1,760.00","$4,821.43","25.28 %","7.92 %"
"2014Q4","$75.16","21.11","$1,750.00","$4,622.22","$9,144.74","621","656","711","19.02 %","25.83 %","$700.00","$1,760.00","$4,017.86","25.99 %","8.54 %"
"2015Q1","$68.55","17.48","$1,750.00","$5,333.33","$9,144.74","616","654","709","18.67 %","25.85 %","$700.00","$1,980.00","$4,821.43","26.13 %","8.20 %"
"2015Q2","$80.72","20.28","$1,750.00","$5,333.33","$9,144.74","617","653","709","18.94 %","25.57 %","$700.00","$1,800.00","$4,821.43","26.58 %","8.27 %"
"2015Q3","$78.84","19.98","$1,750.00","$5,333.33","$9,144.74","618","654","708","19.29 %","25.68 %","$700.00","$1,980.00","$4,821.43","25.90 %","8.08 %"
"2015Q4","$84.05","22.60","$1,750.00","$4,888.89","$9,144.74","618","653","709","19.60 %","25.57 %","$700.00","$1,800.00","$4,017.86","27.00 %","8.61 %"
"2016Q1","$82.19","19.34","$2,187.50","$5,511.11","$10,059.21","616","655","711","19.64 %","25.76 %","$700.00","$2,250.00","$4,821.43","25.48 %","7.22 %"
"2016Q2","$93.77","22.12","$2,187.50","$5,777.78","$9,144.74","620","657","712","20.42 %","25.66 %","$700.00","$2,250.00","$4,821.43","25.15 %","7.33 %"
"2016Q3","$96.33","21.29","$2,362.50","$6,133.33","$10,516.45","626","661","716","20.09 %","25.78 %","$700.00","$2,250.00","$4,982.14","23.27 %","6.68 %"
"2016Q4","$87.37","21.01","$2,187.50","$5,333.33","$9,144.74","624","659","715","20.49 %","25.92 %","$700.00","$1,800.00","$4,821.43","24.45 %","7.03 %"
"2017Q1","$87.43","17.36","$2,625.00","$7,111.11","$12,162.50","625","663","720","20.09 %","26.13 %","$700.00","$2,250.00","$5,625.00","22.68 %","5.76 %"
"2017Q2","$86.38","18.98","$2,625.00","$6,666.67","$10,500.00","624","661","717","20.91 %","26.10 %","$700.00","$2,250.00","$5,468.75","23.44 %","6.32 %"
"2017Q3","$84.41","18.69","$2,625.00","$6,666.67","$10,500.00","624","662","719","21.06 %","26.37 %","$700.00","$2,250.00","$5,078.13","22.82 %","5.89 %"
"2017Q4","$86.57","19.89","$2,450.00","$6,222.22","$9,625.00","624","661","719","21.63 %","26.48 %","$700.00","$2,250.00","$4,687.50","22.89 %","5.97 %"
"2018Q1","$82.96","16.98","$2,625.00","$7,111.11","$11,375.00","621","662","721","21.16 %","26.61 %","$700.00","$2,250.00","$5,859.38","22.65 %","5.39 %"
"2018Q2","$86.54","18.64","$2,625.00","$7,111.11","$10,937.50","623","662","720","21.53 %","26.62 %","$700.00","$2,250.00","$5,859.38","22.83 %","5.78 %"
"2018Q3","$86.30","18.91","$2,625.00","$7,111.11","$10,762.50","622","662","719","21.73 %","26.99 %","$700.00","$2,250.00","$5,468.75","22.85 %","5.87 %"
"2018Q4","$90.59","20.23","$2,625.00","$6,666.67","$10,500.00","624","662","721","22.29 %","27.31 %","$700.00","$2,250.00","$5,156.25","22.86 %","5.86 %"
"2019Q1","$87.13","17.29","$2,800.00","$7,111.11","$13,125.00","625","666","725","22.27 %","27.34 %","$700.00","$2,430.00","$5,937.50","21.08 %","5.21 %"
"2019Q2","$90.95","19.12","$2,625.00","$7,111.11","$11,375.00","620","662","722","22.59 %","27.00 %","$700.00","$2,520.00","$5,859.38","23.05 %","6.08 %"
"2019Q3","$90.98","19.41","$2,625.00","$7,111.11","$11,375.00","617","661","720","22.62 %","27.06 %","$700.00","$2,250.00","$5,468.75","23.53 %","6.23 %"
"2019Q4","$94.39","21.23","$2,275.00","$6,666.67","$10,500.00","622","660","719","22.31 %","26.88 %","$560.00","$1,980.00","$5,078.13","24.23 %","6.09 %"
"2020Q1","$81.99","16.55","$3,062.50","$7,111.11","$13,125.00","624","664","723","21.75 %","26.54 %","$700.00","$2,430.00","$5,859.38","22.04 %","5.28 %"
"2020Q2","$38.51","9.12","$2,800.00","$6,222.22","$9,100.00","637","673","726","20.33 %","26.01 %","$700.00","$2,160.00","$4,687.50","18.21 %","5.08 %"
"2020Q3","$44.32","11.71","$2,187.50","$5,333.33","$8,750.00","636","674","729","20.83 %","26.01 %","$560.00","$1,800.00","$3,906.25","18.25 %","4.68 %"
"2020Q4","$55.94","15.83","$1,750.00","$5,066.67","$8,662.50","623","661","719","21.63 %","25.97 %","$420.00","$1,800.00","$3,906.25","23.56 %","5.68 %"
"2021Q1","$54.72","13.99","$2,187.50","$5,333.33","$8,750.00","619","664","722","21.48 %","25.98 %","$700.00","$1,800.00","$4,375.00","22.41 %","5.83 %"
"2021Q2","$78.50","18.52","$2,187.50","$5,866.67","$9,887.50","614","659","717","21.77 %","26.02 %","$700.00","$1,890.00","$5,250.00","24.69 %","6.63 %"
"2021Q3","$87.05","19.25","$2,625.00","$6,222.22","$10,850.00","619","660","717","21.71 %","26.09 %","$700.00","$2,250.00","$5,600.00","24.00 %","6.67 %"
"2021Q4","$92.98","20.43","$2,625.00","$6,222.22","$10,762.50","618","658","716","21.74 %","26.04 %","$700.00","$2,250.00","$5,600.00","25.07 %","6.92 %"
"2022Q1","$87.29","17.30","$2,625.00","$7,111.11","$13,037.50","621","662","719","21.69 %","26.12 %","$700.00","$2,700.00","$6,300.00","22.98 %","6.16 %"
"2022Q2","$102.13","20.31","$2,625.00","$7,111.11","$12,687.50","621","660","716","22.41 %","26.35 %","$700.00","$2,700.00","$6,562.50","23.77 %","6.47 %"
"2022Q3","$108.29","21.21","$2,625.00","$7,111.11","$13,125.00","622","662","717","23.63 %","27.40 %","$700.00","$2,700.00","$6,825.00","22.59 %","6.06 %"
"2022Q4","$109.33","21.20","$2,625.00","$7,111.11","$13,125.00","621","662","720","25.33 %","28.52 %","$700.00","$2,250.00","$6,562.50","23.01 %","5.84 %"
"2023Q1","$108.77","18.52","$3,500.00","$8,355.56","$14,875.00","626","670","728","25.94 %","28.81 %","$700.00","$2,700.00","$7,000.00","19.96 %","4.65 %"
"2023Q2","$118.42","20.38","$3,500.00","$8,000.00","$14,437.50","628","671","729","26.28 %","28.88 %","$700.00","$2,700.00","$7,000.00","19.33 %","4.47 %"
"2023Q3","$112.80","19.85","$3,500.00","$8,000.00","$14,000.00","630","673","730","26.76 %","29.10 %","$700.00","$2,700.00","$7,000.00","18.07 %","4.33 %"
"2023Q4","$110.28","20.40","$3,000.00","$7,900.00","$13,000.00","630","674","732","27.39 %","30.01 %","$600.00","$2,500.00","$6,000.00","18.37 %","4.45 %"
"2024Q1","$104.34","17.00","$4,000.00","$8,500.00","$15,000.00","630","677","736","26.94 %","30.10 %","$700.00","$2,500.00","$7,500.00","17.25 %","3.94 %"
"2024Q2","$108.30","17.87","$4,000.00","$8,000.00","$15,000.00","633","680","738","27.50 %","30.67 %","$750.00","$2,500.00","$7,000.00","16.48 %","3.90 %"
"2024Q3","$102.16","17.31","$3,800.00","$8,000.00","$15,000.00","635","681","738","28.00 %","31.95 %","$750.00","$2,500.00","$7,000.00","15.43 %","3.81 %"
"2024Q4","$103.74","18.15","$3,500.00","$8,000.00","$14,000.00","633","680","739","27.99 %","32.10 %","$600.00","$2,500.00","$6,000.00","16.43 %","3.91 %"
"2025Q1","$98.37","15.66","$4,000.00","$9,000.00","$15,000.00","632","682","742","27.10 %","32.02 %","$500.00","$2,800.00","$7,200.00","15.93 %","3.55 %"
"2025Q2","$110.77","17.82","$4,000.00","$9,000.00","$15,000.00","632","682","742","27.46 %","31.90 %","$500.00","$2,600.00","$7,000.00","16.08 %","3.58 %"
"2025Q3","$107.20","17.99","$4,000.00","$8,000.00","$15,000.00","631","680","739","27.59 %","31.99 %","$700.00","$2,500.00","$7,000.00","16.40 %","3.81 %"
"2025Q4","$111.27","19.25","$3,700.00","$8,000.00","$14,000.00","628","677","738","27.54 %","31.94 %","$700.00","$2,500.00","$6,200.00","17.72 %","4.16 %"
"2026Q1","$105.14","17.17","$4,000.00","$8,600.00","$15,000.00","619","672","737","26.75 %","31.80 %","$500.00","$2,600.00","$7,200.00","19.18 %","4.06 %"
"2026Q2","$112.41","18.53","$4,000.00","$8,200.00","$15,000.00","624","674","738","26.88 %","31.78 %","$600.00","$2,700.00","$7,000.00","18.52 %","4.19 %"
"","","","","","","","","","","","","","","",""
"Source: Philadelphia Fed FR Y-14M Data","","","","","","","","","","","","","","",""
"Website: https://www.philadelphiafed.org/surveys-and-data/large-bank-credit-card-and-mortgage-data","","","","","","","","","","","","","","",""
"Email: Phil.LargeBankData@phil.frb.org","","","","","","","","","","","","","","",""